{
    "name"              : "[COLORmagenta]MRSP[/COLOR]",
    "plugin"            : "plugin.video.romanianpack",
    "priority"          : 200,
    "assert"            : {
                            "play_movie":       ["title", "year"],
                            "play_episode":     ["showname", "season", "episode"],
                            "search_movie":     ["title"],
                            "search_episode":   ["showname"]
                          },
    "search_movie"      : "plugin://plugin.video.romanianpack/?action=searchSites&searchSites=cuvant&cuvant={title}"
,
    "search_episode"    : "plugin://plugin.video.romanianpack/?action=searchSites&searchSites=cuvant&cuvant={showname}"
}
