{
    "name": "[COLORsalmon]vStream[/COLOR] ",
    "plugin": "plugin.video.vstream",
    "priority": 200,
    "assert": {
        "play_movie": [
            "title",
            "year"
        ],
        "play_episode": [
            "showname",
            "season",
            "episode"
        ],
        "search_movie": [
            "title"
        ],
        "search_episode": [
            "showname"
        ]
    },
    "search_movie": "plugin://plugin.video.vstream/?function=showSearchText&sFav=showSearchText&site=cHome&siteUrl=http%3a%2f%2fvenom&title=Search",
    "search_episode": "plugin://plugin.video.vstream/?function=showSearchText&sFav=showSearchText&site=cHome&siteUrl=http%3a%2f%2fvenom&title=Search",
    "is_resolvable": "true"
}