{
    "name": "WABC Programs",
    "plugin": "plugin.video.wabc",
    "tvshows": [
        [
            {
                "link": "plugin://plugin.video.wabc",
				"steps": [
                    "(?:{clearname}|{clearname|replace(',’)})",
					"{season}x{episode}"
                ]
            },
            {
                "link": "plugin://plugin.video.wabc",
				"steps": [
                    "(?:{clearname}|{clearname|replace(',’)})",
					"{title}"
                ]
            }
        ]
    ]
}
