<?xml version="1.0" encoding="UTF-8" standalone="yes"?>
<addon id="repository.ttmedia" name="[B][COLORred]TTMedia Repository[/COLOR][/B]" version="2.4.6" provider-name="[B][COLORred]TTMedia[/COLOR][/B]">
	<extension point="xbmc.addon.repository" name="TTMedia Repository">

<dir>
  <info compressed="false">https://raw.githubusercontent.com/teamuniversal/scrapers/master/_modules4all/zips/addons.xml</info>
  <checksum>https://raw.githubusercontent.com/teamuniversal/scrapers/master/_modules4all/zips/addons.xml.md5</checksum>
  <datadir zip="true">https://raw.githubusercontent.com/teamuniversal/scrapers/master/_modules4all/zips/</datadir>
</dir>

<dir>
<info compressed="false">https://raw.githubusercontent.com/totalrevolution/python-koding/master/zips/addons.xml</info>
<checksum>https://raw.githubusercontent.com/totalrevolution/python-koding/master/zips/addons.xml.md5</checksum>
<datadir zip="true">https://raw.githubusercontent.com/totalrevolution/python-koding/master/zips/</datadir>
</dir>

<dir>
<info compressed="false">https://raw.githubusercontent.com/jsergio123/zips/master/addons.xml</info>
<checksum>https://raw.githubusercontent.com/jsergio123/zips/master/addons.xml.md5</checksum>
<datadir zip="true">https://raw.githubusercontent.com/jsergio123/zips/master/</datadir>
</dir>

<dir>
<info compressed="false">https://raw.githubusercontent.com/jenaddon/repository.jenrepo/master/zips/addons.xml</info>
<checksum>https://raw.githubusercontent.com/jenaddon/repository.jenrepo/master/zips/addons.xml.md5</checksum>
<datadir zip="true">https://raw.githubusercontent.com/jenaddon/repository.jenrepo/master/zips/</datadir>
</dir>

<dir>
<info compressed="false">https://raw.githubusercontent.com/Twilight0/repo.twilight0.libs/master/_zips/addons.xml</info>
<checksum>https://raw.githubusercontent.com/Twilight0/repo.twilight0.libs/master/_zips/addons.xml.md5</checksum>
<datadir zip="true">https://raw.githubusercontent.com/Twilight0/repo.twilight0.libs/master/_zips/</datadir>
</dir>

<dir>
<info compressed="false">https://ttmedia.live/zips/addons.xml</info>
<checksum>https://ttmedia.live/zips/addons.xml.md5</checksum>
<datadir zip="true">https://ttmedia.live/zips/</datadir>
</dir>


</extension>
<extension point="xbmc.addon.metadata">
		<summary lang="en">[COLORred]TTMEDIA[/COLOR]</summary>
		<description lang="en">[COLORred]THIS REPOSITORY HAS THE LATEST WORK FROM TTMEDIA[/COLOR]</description>
		<genre></genre>
</extension>
</addon>