{
 "name"         : "Direct [COLOR FF0084FF]-[/COLOR] Torrenter ([COLOR FF0084FF]T[/COLOR])",
 "repository"   : "repository.myshows.me",
 "plugin"       : "plugin.video.torrenter",
 "priority"     : 200,
 "id"           : "direct.torrenter.t",
 "filters"      : {},
 "postprocess"  : "",
 "movies"       : [
  [
   {
    "link"      : "plugin://plugin.video.torrenter/?action=search&url={title}",
    "steps"     : [],
    "action"    : "ACTIVATE"
   }
  ]
 ],
 "tvshows"      : [
  [
   {
    "link"      : "plugin://plugin.video.torrenter/?action=search&url={name}",
    "steps"     : [],
    "action"    : "ACTIVATE"
   }
  ]
 ],
 "musicvideos"  : [],
 "music"        : [],
 "live"         : []
}