<?xml version="1.0" encoding="UTF-8" standalone="yes"?>
<addon id="repository.newdiamond" name="The New Diamond" version="1.4" provider-name="TheNewMatrix01">
    <extension point="xbmc.addon.repository" name="Example Repository">
        <dir>
            <info compressed="false">https://raw.githubusercontent.com/TheNewMatrix01/repository.newdiamond/main/repo/download/addons.xml</info>
            <checksum>https://raw.githubusercontent.com/TheNewMatrix01/repository.newdiamond/main/repo/download/addons.xml.md5</checksum>
            <datadir zip="true">https://raw.githubusercontent.com/TheNewMatrix01/repository.newdiamond/main/repo/download/</datadir>
        </dir>
    </extension>
    <extension point="xbmc.addon.metadata">
        <summary>Repository New Diamond</summary>
        <description>This repo contain some addons ported from Leia to Matrix</description>
        <disclaimer></disclaimer>
        <platform>all</platform>
        <assets>
            <icon>icon.png</icon>
            <fanart>fanart.jpg</fanart>
        </assets>
    </extension>
</addon>